SurveyYear,AreaDesc,SiteName,MinOfAvgSST,AvgOfAvgSST,MaxOfAvgSST,MinOfVesselDepth,AvgOfVesselDepth,MaxOfVesselDepth,ValidHooks,TotalFish,TotalFishingTime.sec,Bank Rockfish,Barred Sand Bass,Blue Rockfish,Bocaccio,Brown Rockfish,Brown Smoothhound,Calico Rockfish,California Scorpionfish,California Sheephead,California Yellowtail,Canary Rockfish,Chilipepper,Copper Rockfish,Cowcod,Flag Rockfish,Freckled Rockfish,Gopher Rockfish,Gray Smoothhound,Greenblotched Rockfish,Greenspotted Rockfish,Greenstriped Rockfish,Halfbanded Rockfish,Honeycomb Rockfish,Lingcod,Lizardfish,Mexican Rockfish,Ocean Whitefish,Olive Rockfish,Pacific Bonito,Pacific Mackerel,Pink Rockfish,Rosy Rockfish,Sanddab Unidentified,Southern Rock Sole,Speckled Rockfish,Squarespot Rockfish,Starry Rockfish,Swordspine Rockfish,Treefish,Vermilion Rockfish,Widow Rockfish,Yelloweye Rockfish,Yellowtail Rockfish
2004,Anacapa Island,40,,,,88,90.35,92,75,20,2088,,,,,,,,,,,,,,,,,,,,18,1,,,,,,,,,,,,,,1,,,,,,,,
2008,Anacapa Island,40,,,,87.8,89.02916654,91.7,68,24,4152,,,,,,,,,,,,,,,1,,,,,20,,,,,,,,,,,,,,,,,3,,,,,,
2009,Anacapa Island,40,,,,87.4,88.11666743,89.3,60,12,4324,,,,,,,,,,,,,,,,,,,,7,,,,,,,,,,,,,,,,,,5,,,,,
2010,Anacapa Island,40,,,,80.4,85.9000002,90.3,75,23,4573,,,,,,,,,,,,,,,,,,,,12,,,,,,,,,,,,3,,,,,7,1,,,,,
2011,Anacapa Island,40,,,,89.8,90.11612849,90.5,70,31,4384,,,,1,,,,,,,,,,,,,,,,29,,,,1,,,,,,,,,,,,,,,,,,,
2012,Anacapa Island,40,18.8,19.02727273,19.2,88.2,89.71363518,90.2,75,22,2836,1,,,,,,,,,,,,,,,,,,,15,,,,,,,,,,,,,,,2,,4,,,,,,
2013,Anacapa Island,40,17.6,17.71162791,17.9,89.8,91.2767444,93.2,74,43,3917,3,,,,,,,,,,,,,,,,,,,27,2,,,,,,,,,,,,,,4,1,2,4,,,,,
2014,Anacapa Island,40,19.8,19.8,19.8,90.4,93.16666667,97.5,74,15,4153,,,,,,,,,,,,,,,,,,,,15,,,,,,,,,,,,,,,,,,,,,,,
2015,Anacapa Island,40,21.3,21.3,21.3,86.5,87.83157951,90,75,19,2862,,,,,,,,,,,,,,,,,,,,14,,,,,,,,,,,1,,,,1,,3,,,,,,
2016,Anacapa Island,40,,,,87,90.86829395,94.9,75,41,3290,8,,,2,,,,,,,,,,,,,,,,9,,,,,,,,,,,,,,,17,,1,4,,,,,
2017,Anacapa Island,40,,,,88.4,90.50000057,93.1,72,27,4508,,,,1,,,,,,,,,,,,,,,,20,,,,,,,,,,,,,,,1,,,5,,,,,
2018,Anacapa Island,40,,,,88.4,90.30303007,92.8,70,33,2991,1,,,1,,,,,,,,,,,,,,,,20,4,,,,,,,,,,,,,,,,6,1,,,,,
2019,Anacapa Island,40,,,,88.4,94.19333356,103.3,75,60,2560,5,,,,,,,,,,,,,,,,,,,30,,2,,,,,,,,,,,,,4,,3,16,,,,,
2004,Anacapa Island,45,,,,52.8,54.79999946,56.8,75,34,1719,,,,14,,,,,,,,,,,,,,,,,,,,,,,,,,,,,,,3,,1,,,4,11,,
2006,Anacapa Island,45,,,,52.5,53.71111128,54.6,74,18,3576,,,,10,,,,,,,,,,,,,,,,,,,,,,,,,,,,,,,4,,,,,3,1,,
2007,Anacapa Island,45,,,,51.6,54.28750014,56.7,75,16,2450,,,,13,,,,,,,,,,,,,,,,,,,,,,,,,,,,,,,1,,,,,2,,,
2008,Anacapa Island,45,,,,51.1,52.37999954,56.3,75,10,3372,,,,7,,,,,,,,,,,,,,,,,,,,,,,,,,1,,,,,1,,,,,,1,,
2009,Anacapa Island,45,,,,56.3,57.10000038,57.9,70,2,4527,,,,2,,,,,,,,,,,,,,,,,,,,,,,,,,,,,,,,,,,,,,,
2010,Anacapa Island,45,,,,53.5,55.45000076,57.4,75,2,4259,,,,1,,,,,,,,,,,,,,,,,,,,,,,,,,,,,,,,,,,,1,,,
2011,Anacapa Island,45,,,,50.7,53.90000044,54.5,75,14,3228,,,,12,,,,,,,,,,,,,,,,,,,,,,,,,,,,,,,1,,,,,1,,,
2012,Anacapa Island,45,19.5,19.6,19.7,51.5,52.59999956,54.8,69,7,4125,,,,6,,,,,,,,,,,,,,,,1,,,,,,,,,,,,,,,,,,,,,,,
2013,Anacapa Island,45,18.2,18.71428571,18.9,51.9,53.2142868,56.6,65,7,3475,,,,1,,,,,,,,,1,,,,,,,,,,,,,,,,,,,,1,,,,,,,4,,,
2014,Anacapa Island,45,19.9,19.9,19.9,51.2,55.1576924,56.8,74,26,3515,,,,17,,,,,,,,,1,,,,,,,,,,,,,,,,,,,,,,2,,,,,5,1,,
2015,Anacapa Island,45,21.1,21.1,21.1,51.6,52.52727231,54,75,11,3302,,,,,,,,,,,,,,,,,,,,,,,,,,,,,,,,3,,,6,,,,,2,,,
2016,Anacapa Island,45,,,,54.1,55.57499933,56.9,75,8,3539,,,,7,,,,,,,,,,,,,,,,,,,,,,,,,,,,,,,,,,,,1,,,
2017,Anacapa Island,45,,,,49.4,53.95294145,55.7,74,17,3818,,,,7,,,,,,,,,,,,,,,,,,,,,,,,1,,,,,,,,,,,,8,1,,
2018,Anacapa Island,45,,,,49.9,51.62222177,54.2,75,27,2308,,,,13,,,,,,,,,,,,,,,,,,,,,,,,,,,,,,,9,2,1,,,1,1,,
2019,Anacapa Island,45,,,,51.7,54.1142867,55.9,75,7,4288,,,,1,,,,,,,,,1,,,,,,,,,,,,,,,,,,,,,,3,1,,,,1,,,
2004,Anacapa Island,48,,,,71,72.28571429,73,72,21,2446,,,,12,,,,,,,,,,,,,,,,1,,,,5,,,,,,,,,,,,,,,,3,,,
2005,Anacapa Island,48,,,,69.7,70.66749916,71.6,75,40,2908,,,,20,,,,,,,,,,,,,,,,,,,,1,,,,,,,,,,,,,,,,18,1,,
2006,Anacapa Island,48,,,,68.7,72.75454504,75.4,75,11,2176,,,,3,,,,,,,,,,,,,,,,4,,,,,,,,,,,,,,,,,,1,,3,,,
2007,Anacapa Island,48,,,,69.3,70.6,73.2,75,5,4372,,,,5,,,,,,,,,,,,,,,,,,,,,,,,,,,,,,,,,,,,,,,
2008,Anacapa Island,48,,,,68.8,69.00000191,69.6,75,4,3085,,,,,,,,,,,,,,,,,,,,1,,,,,,,,,,,,,,,,,3,,,,,,
2009,Anacapa Island,48,,,,70.6,71.51666641,73.9,70,12,4244,,,,5,,,,,,,,,,,,,,,,1,,,,,,,,,,,,,,,,,2,,,4,,,
2010,Anacapa Island,48,,,,68.9,69.96000214,72.9,70,5,2766,,,,1,,,,,,,,,,,,,,,,,,,,,,,,,,,,,,,,,2,1,,1,,,
2011,Anacapa Island,48,,,,68.4,69.21904791,70.2,74,21,3883,,,,15,,,,,,,,,,,,,,,,1,,,,1,,,,,,,,,,,,,1,,,2,1,,
2012,Anacapa Island,48,20.1,20.1,20.1,71.2,73.79999924,80,75,4,4480,,,,2,,,,,,,,,,,,,,,,,,,,1,,,,,,,,,,,,,1,,,,,,
2013,Anacapa Island,48,18.5,18.51111111,18.6,70,81.22222222,86,43,9,3815,,,,5,,,,,,,,,,,,,,,,2,,,,1,,,,,,,,,,,,,,,,,1,,
2014,Anacapa Island,48,19.9,20.06153846,20.1,69,79,83,75,26,4100,,,,12,,,,,,,,,,,,,,,,6,1,,,1,,,,,,,,,,,1,,4,,,1,,,
2016,Anacapa Island,48,,,,70,70.37692202,70.6,45,13,2041,,,,5,,,,,,,,,,,,,,,,1,,,,1,,,,,,,,,,,2,,1,,,1,2,,
2017,Anacapa Island,48,,,,67.4,71.06666734,76.5,68,18,3952,,,,3,,,,,,,,,,,,,,,,4,,,,1,,,,,,,,,,,1,,5,1,,3,,,
2018,Anacapa Island,48,,,,69.7,71.91612711,75.2,70,31,3753,,,,5,,,,,,,,,,,,,,,,1,,,,,,,,,,,,,,,19,,5,,,,1,,
2019,Anacapa Island,48,,,,70.4,71.24347985,71.8,65,23,4571,,,,5,,,,,,,,,,,,,,,,2,,,,2,,,,,,,,,,,6,,1,,,7,,,
2005,Catalina Island,54,,,,42,42,42,75,5,3927,,,,2,,,,,,,,,,,,,,,,,,,,,,,,,,1,,,2,,,,,,,,,,
2006,Catalina Island,54,,,,32.9,37.2238092,41.7,75,21,3767,,,,7,,,,,,,,,,,,,,,,,,,,,,,,,,9,,2,2,,,,1,,,,,,
2007,Catalina Island,54,,,,30.5,31.92499971,34.8,75,8,3167,,,,,,,,,,,,,1,,,,,,,,,,,,,,,,,,,4,,,,,3,,,,,,
2008,Catalina Island,54,,,,32.2,35.10000038,40.1,75,4,3952,,,,,,,,,,,,,1,,,,,,,,,,,,,,,,,,,3,,,,,,,,,,,
2009,Catalina Island,54,,,,42.7,42.70000076,42.7,75,2,4534,,,,,,,,,,,,,,,,,,,,,,1,,,,,,,,,,1,,,,,,,,,,,
2010,Catalina Island,54,,,,41,41.28000031,41.6,75,5,4509,,,,1,,,,,,,,,,,,,,,,2,,,,,,,,,,,,,1,,,,1,,,,,,
2011,Catalina Island,54,,,,40.5,43.55000114,44.4,75,12,4485,,,,,,,,,,,,,1,,,,,,,,,,,,,,,,,1,,,10,,,,,,,,,,
2012,Catalina Island,54,20.4,20.53333333,20.7,38.7,41.06666692,45,75,9,3751,,,,1,,,,,,,,,1,,,,,,,,,,,,,,,,,2,,,5,,,,,,,,,,
2013,Catalina Island,54,20.6,20.71666667,21,40.8,41.54166762,41.9,75,12,3619,,,,1,,,,,,,,,2,,,,,,,,,1,,,,,,,,7,,,1,,,,,,,,,,
2014,Catalina Island,54,22.2,22.2,22.2,42.6,42.63636294,42.7,75,11,4339,,,,,,,,,,,,,7,,,,,,,,,,,,,,,,,,,,1,,,,,,,3,,,
2015,Catalina Island,54,22.3,22.36,22.6,32.6,36.49999924,41,75,5,3643,,,,2,,,,,,,,,1,,,,,,,,,,1,,,,,,,,,1,,,,,,,,,,,
2016,Catalina Island,54,,,,39.3,40.47777685,42.1,75,18,4509,,,,,,,,,,,,,5,,,,,,,,,,,,,,,1,,,,2,,,,1,,,,9,,,
2017,Catalina Island,54,,,,37.3,39.47500038,40.2,75,4,3763,,,,,,,,,,,,,2,,,,,,,,,,,,,,,,,,,1,1,,,,,,,,,,
2018,Catalina Island,54,,,,36.6,40.02222146,42,72,9,4305,,,,,,,,1,,1,,,2,,,,,,,,,,,,,,,,,,,,1,,,,1,,,3,,,
2019,Catalina Island,54,,,,39.1,40.62999878,42.4,75,10,4128,,,,1,,,,,,,,,4,,,,,,,,,,,,,,,,,,,,,,,,2,,,3,,,
2004,Catalina Island,59,,,,40,40.59090909,43,69,22,3954,,,,18,,,,,,,,,,,1,,,,,,,,,,,,,,,1,,,,,,,2,,,,,,
2008,Catalina Island,59,,,,40.5,43.19999913,44.4,74,28,3489,,,,22,,,,,,,,,,,,,,,,,,,,,,,,,,,,,,,2,,1,,,3,,,
2009,Catalina Island,59,,,,43.5,46.29000072,48.7,75,20,4397,,,,,,,,,,,,,,,,,,,,,,6,,,,,,,,,,,3,,4,6,,,,1,,,
2010,Catalina Island,59,,,,41.6,43.0181805,44.6,75,11,3307,,,,9,,,,,,,,,,,1,,,,,,,,,,,,,,,,,,,,1,,,,,,,,
2011,Catalina Island,59,,,,39.6,41.15555488,47.6,75,27,4165,,,,5,,,,,,,,,,,,,,,,,,,,,,,,,,14,,,,,3,5,,,,,,,
2012,Catalina Island,59,20.8,21.04444444,21.3,41.5,43.95370434,44.9,75,54,1982,,,,47,,,,,,,,,1,,,,,,,,,,,,,,,,,,,,,,,,,,,6,,,
2013,Catalina Island,59,21.2,21.56904762,21.7,39.7,41.99523844,47.2,65,42,3510,,,,31,,,,,,,,,2,,,,,,,,,1,,,,,,,,,,,,,1,,2,,,5,,,
2014,Catalina Island,59,23,23.04067797,23.1,43.1,45.82033856,49.1,73,59,2465,,,,31,,,,,,,,,,,,,,,,,,,,,,,,,,,,,,,,,1,,,25,2,,
2015,Catalina Island,59,22.3,22.44307692,22.6,41.6,46.1815381,49.4,75,65,1130,,,,58,,,,,,,,,,,,,,,,,,,,,,,,,,,,,,,,,,,,5,2,,
2016,Catalina Island,59,,,,40.2,42.41269775,44.5,73,63,2383,,,,36,,,,,,,,,,,,,,,,,,,,,,,,,,,,,,,1,,,,,25,1,,
2017,Catalina Island,59,,,,40.9,45.421739,47.6,74,46,3900,,,,15,,,,,,,,,4,,,,,,,,,,,,,,,,,,,,2,,1,,3,,,21,,,
2018,Catalina Island,59,,,,46.5,46.99104554,47.2,75,67,3621,,,,20,,,,,,,,,1,,,,,,,,,,,,1,,,,,,,,,,3,,,,,42,,,
2019,Catalina Island,59,,,,39.1,40.26779647,43.9,73,59,1772,,,,27,,,,,,,,,,,,,,,,1,,,,,,,,,,,,,,,1,2,1,,,27,,,
2004,Catalina Island,62,,,,35,37.38333321,38.3,75,6,4257,,,,2,,,,,,,,,,,,,,,,,,,1,,,,,,,,,3,,,,,,,,,,,
2005,Catalina Island,62,,,,36,37.24444453,38.8,75,27,3141,,,3,18,,,,,,,,,1,,,,,,,,,,,,,,2,,2,,,,,,,,,,,1,,,
2006,Catalina Island,62,,,,32.7,36.05789606,40.9,75,19,2484,,,,1,,,,,,,,,,,,,,,,,,,,,,,11,,,,,,,,2,,5,,,,,,
2007,Catalina Island,62,,,,36.2,37.30000038,38.4,70,10,3378,,,,8,,,,,,,,,,,,,,,,,,,,,,,,,,,,,,,,1,,,,1,,,
2008,Catalina Island,62,,,,37.1,38.00666682,38.7,74,15,4372,,,,11,,,,,,,,,2,,1,,,,,,,,,,,,,,,,,1,,,,,,,,,,,
2009,Catalina Island,62,,,,37.1,40.38999977,44,75,10,1584,,,,,,,,,,,,,,,,,,,,1,,,,,,,3,,,,,4,,,,,2,,,,,,
2010,Catalina Island,62,,,,33.5,35.65000025,38.9,75,6,4351,,,,,,,,,,,,,,,,,,,,,,,1,,,,1,,,,,,,,1,3,,,,,,,
2011,Catalina Island,62,,,,34.5,37.75833321,38.7,70,12,4355,,,,4,,,,,,,,,,,,,,,,,,,,,,,2,,,2,,,1,,1,,1,,,1,,,
2012,Catalina Island,62,20.5,20.63571429,20.7,37.3,38.62857206,39.3,75,28,4264,,,1,22,,,,,,,,,,,2,1,,,,,,,,,,,1,,,,,,,,,,,,,1,,,
2013,Catalina Island,62,19.7,19.99714286,20.1,35,37.07714277,40.1,75,35,2047,,,2,22,,,,,,,,,2,,,,,,,,,,1,1,,,,1,,,,2,,,1,,2,,,,1,,
2014,Catalina Island,62,23.5,23.61764706,23.7,36,37.77647063,38.8,75,34,2339,,,4,21,,,,,,,,,,,,,,,,,,,,,,,3,1,,,,1,,,1,,,,,3,,,
2015,Catalina Island,62,22.8,22.8,22.8,34.1,36.10476212,38.4,75,21,4138,,,2,4,,,,,,,,,1,,,,,,,,,,,,,,4,,,,,1,,,4,3,1,,,1,,,
2016,Catalina Island,62,,,,34.9,35.82272772,37.7,75,22,3176,,,2,12,,,,,,,,,1,,,,,,,,,,,,,,,1,,,,1,,,,,1,,1,,2,,1
2017,Catalina Island,62,,,,34.7,35.85217401,38.4,70,23,4486,,,1,3,,,,,,,,,1,,,,,,,,,,2,,,,2,1,,,,6,,,,3,4,,,,,,
2018,Catalina Island,62,,,,35.3,36.58500042,39,68,20,3848,,,1,9,,,,,,,,,2,,,,,,,,,,,,,,1,1,,,,4,,,,1,1,,,,,,
2019,Catalina Island,62,,,,33.3,35.28181839,39,75,22,2778,,,,13,,,,,,,,,,,,,,,,,,,,,,,2,,,,,,,,1,,5,,,,,,1
2005,Catalina Island,68,,,,41.4,43.0538468,44.2,75,13,4513,,,,6,,,,,,,,,,,,,,,,,,,1,,,,,,,,,3,,,,2,,,,1,,,
2006,Catalina Island,68,,,,42,42.625,43,75,8,3089,,,,3,,,,,,,,,,,,,,,,,,,1,,,,,,,,,2,,,,,1,,,1,,,
2007,Catalina Island,68,,,,41.5,43.13235182,44.6,75,34,3120,,,,20,,,,,,,,,,,,,,,,1,,,,,,,,,,,,1,,,,1,,,,11,,,
2008,Catalina Island,68,,,,43,43.45000013,44.6,75,12,4503,,,,5,,,,,,,,,,,,,,,,,,1,1,,,,,,,,,1,,,1,2,1,,,,,,
2009,Catalina Island,68,,,,39.3,40.91666603,42.8,75,6,3117,,,,,,,,,,,,,,,,,,,,,,,1,,,,1,,,,,2,,,1,,1,,,,,,
2010,Catalina Island,68,,,,42.3,42.9764705,43.7,75,17,4459,,,,1,,,,,,,,,1,,2,,,,,,,,1,,,,,,,,,,,,,,,,,12,,,
2011,Catalina Island,68,,,,42.2,42.54999975,43.8,65,30,4422,,,,5,,,,,,,,,1,,,,,,,,,1,,,,,,,,7,,1,,,,1,,,,14,,,
2012,Catalina Island,68,21.3,21.3,21.3,42.3,43.38000009,44.5,75,35,4337,,,,12,,,,,,,,,,,,,,,,,,,,,,,,,,,,4,,,,,,,,19,,,
2013,Catalina Island,68,19.3,19.3,19.3,42.4,43.17500114,43.7,75,4,4427,,,,1,,,,,,,,,,,,,,,,,,,,,,,,,,,,,,,,,,,,3,,,
2014,Catalina Island,68,23.7,24.06,24.2,41.4,43.75199966,44.3,75,25,3306,,,,7,,,,,,,,,,,,,,,,,,1,,,,,,,,1,,1,1,,,3,1,,,10,,,
2015,Catalina Island,68,22.8,22.86190476,22.9,40.9,43.02857117,44.1,75,21,4407,,,,10,,,,,,,,,,,,,,,,,,,,,,,1,,,,,,,,,,,,,10,,,
2016,Catalina Island,68,,,,41,42.82499933,44,75,16,3364,,,,3,,,,,,,,,2,,,,,,,,,,,,,,,,,1,,1,,,,1,,,,8,,,
2017,Catalina Island,68,,,,41.9,42.40500126,44.4,74,20,4397,,,,3,,,,,,,,,2,,,,,,,,,,,,,,3,,,,,1,,,,2,,,,9,,,
2018,Catalina Island,68,,,,39.6,41.88181686,43.6,75,11,4158,,,,3,,,,,,,,,,,,,,,,,,,,,,,1,,,,,,,,,1,,,,6,,,
2019,Catalina Island,68,,,,40.9,42.92499924,44.1,75,16,3219,,,,11,,,,,,,,,,,,,,,,,,,,,,,,,,,,1,,,,,,,,4,,,
2004,Catalina Island,71,,,,34.5,38.13750013,42.4,75,24,3327,,,,,,,,,,,,,3,,,,,,,1,,,,,,,,,,,,4,,,,1,,,,15,,,
2008,Catalina Island,71,,,,43.7,44.16500053,44.9,75,20,4345,,,,1,,,,,,,,,2,,,,,,,,,,2,,,,,,,,,1,1,,1,8,,,,3,,,
2009,Catalina Island,71,,,,43.5,44.07499981,45.2,75,4,3421,,,,,,,,,,,,,1,,,,,,,,,,2,,,,,,,,,1,,,,,,,,,,,
2010,Catalina Island,71,,,,44.3,45.05555513,45.7,70,9,4292,,,,,,,,1,,,,,1,,,,,,,,,1,,,,,,,,,,1,,,,1,,,,3,,,
2011,Catalina Island,71,,,,42,42.65294109,44.4,75,34,2618,,,,,,,,,,,,,,,,,,,,,,3,,,,,,,,1,,,1,,,,,,,29,,,
2012,Catalina Island,71,21.3,21.3,21.3,44.2,44.38214288,44.7,75,28,4372,,,,,,,,,,,,,2,,,,,,,,,1,,,,,,,,,,4,2,,,,,,,19,,,
2013,Catalina Island,71,20.4,20.50588235,20.6,44,44.45294032,45.1,55,17,4831,,,,,,,,,,,,,2,,,,,,,,,,,,,,,,,,,,,,,,,1,,14,,,
2014,Catalina Island,71,24.2,24.30588235,24.5,42.3,43.4313718,44.6,75,51,3146,,,,,,,,,,,,,2,,,,,,,,,3,,,,,,,,,,1,2,,,1,,,,42,,,
2015,Catalina Island,71,22.2,22.334,22.5,42.8,43.35399925,44.3,70,50,3322,,,,4,,,,,,,,,10,,,,,,,,,,,1,,,,,,,,2,,,,,,,,33,,,
2016,Catalina Island,71,,,,41.9,43.98478309,44.7,75,46,2418,,,,4,,,,,,,,,4,,,,,,,,,,,,,,,,,,,1,,,,1,,,,36,,,
2017,Catalina Island,71,,,,42.7,43.41999969,44.5,75,20,4441,,,,,,,,,,,,,2,,,,,,,,,1,,,,,,,,,,,1,,,8,,,,8,,,
2018,Catalina Island,71,,,,44.3,44.33999939,44.5,72,5,4403,,,,,,,,,,,,,,,,,,,,,,3,,,,,,,,,,,,,,1,,,,1,,,
2019,Catalina Island,71,,,,45.6,45.62499905,45.7,75,16,3755,,,,,,,,,,,,,4,,,,,,,,,,,,,,,,,,,,,,,,,,,11,,,
2004,San Clemente Island,97,,,,38.3,42.32380967,47.5,70,21,2771,,,,16,,,,,,,,,,,,,,,,,,,,,,,,2,,,,,,,2,,1,,,,,,
2006,San Clemente Island,97,,,,45,46.13333333,48,70,15,2711,,,,7,,,,,,,,,,,,,,,,1,,,,,,,,5,,,,,,,1,,,,,1,,,
2007,San Clemente Island,97,,,,44.5,45.89999921,47.3,75,28,4065,,,,13,,,,,,,,,,,,,,,,,,,,,,,,2,,,,,,,12,,,,,1,,,
2008,San Clemente Island,97,,,,49.3,50.54500008,51.4,74,20,3007,,,,4,,,,,,,,,,,,,,,,,1,,,,,,,2,,,,1,,,8,,2,,,2,,,
2009,San Clemente Island,97,,,,46.5,51.62666651,53.2,75,15,4158,,,,4,,,,,,,,,,,,,,,,,,,,,,,,1,,,,3,,,1,,5,,,1,,,
2010,San Clemente Island,97,,,,46.3,48.11599991,51.1,75,25,4439,,,,2,,,,,,,,6,,,,,,,,1,,,,,,,,1,,,,3,,,8,3,,1,,,,,
2012,San Clemente Island,97,20,20.55714286,20.9,46.2,46.88095265,47.6,75,42,2919,,,,24,,,,,,,,,4,,,,,,,,,,,,,,,3,,,,,,,7,1,,,,3,,,
2013,San Clemente Island,97,20.2,20.475,20.8,46.8,48.67777655,51.6,73,36,3383,,,,29,,,,,,,,,,,,,,,,1,,,,2,,,,1,,,,,,,2,,1,,,,,,
2014,San Clemente Island,97,22,22.046875,22.1,45.4,47.1156249,48.8,69,32,4232,,,1,7,,,,,,,,1,,,,,,,,,,,,1,,,,,,,,,,,15,2,,1,,,3,,1
2015,San Clemente Island,97,22,22.06,22.1,43.5,46.56499977,50,75,20,2401,,,,8,,,,,,,,,,,,,,,,,,,,,,,,2,,,,,,,9,,,,,1,,,
2016,San Clemente Island,97,,,,45.1,51.48333263,53.1,75,12,3134,,,,6,,,,,,,,,1,,,,,,,,,,,1,,,,,,,,,,,2,,,,,2,,,
2017,San Clemente Island,97,,,,47.1,49.29999958,51.7,63,11,4261,,,,6,,,,,,,,,,,,,,,,1,,,,,,,,,,,,1,,,,,,,,2,,,
2018,San Clemente Island,97,,,,45.5,47.51458255,48.8,75,48,3783,,,,11,,,,,,,,,1,,,,,,,,,,,,,,,,,,,1,,,22,,7,,,1,5,,
2019,San Clemente Island,97,,,,49.9,52.26190567,53.4,75,21,4478,,,,2,,,,,,,,1,,,,,,,,3,,,,,,,,1,,,,,,,4,,6,,,4,,,
2004,San Clemente Island,101,,,,34.9,44.66190502,46.2,73,21,3022,,,,13,,,,,,,,,,,,,,,,,,,,2,,,,,,1,,,,,4,,,,,1,,,
2008,San Clemente Island,101,,,,42.1,44.35652144,50.5,75,23,3847,,,,11,,,,,,,,,,,,,,,,,,,,1,,,,1,,,,5,,,4,,1,,,,,,
2009,San Clemente Island,101,,,,42.9,45.50666707,46.7,70,15,4203,,,,5,,,,,,,,,1,,,,,,,,,,,,,,,2,,,,3,,,3,,1,,,,,,
2010,San Clemente Island,101,,,,42,44.54545489,47.4,75,11,4217,,,,,,,,,,,,,,,,,,,,,,,,,,,,,,,,,,,6,,4,,,1,,,
2011,San Clemente Island,101,,,,44.1,46.65789514,47.8,75,19,4300,,,,13,,,,,,,,,,,,1,,,,,,,,,,,,,,,,3,,,,,2,,,,,,
2012,San Clemente Island,101,19.8,20.04615385,20.2,42.2,42.59230863,43.5,70,26,3314,,,,22,,,,,,,,,,,,,,,,,,,,,,,,,,,,1,,,2,,1,,,,,,
2013,San Clemente Island,101,20.6,20.825,21,43.3,47.64687431,51.8,74,32,3180,,,,22,,,,,,,,,,,,,,,,,,,,,,,,,,,,2,,,6,,1,,,1,,,
2014,San Clemente Island,101,20.7,20.79375,21,42.5,45.33124971,47,75,16,4358,,,,5,,,,,,,,,,,,,,,,,,,,,,,,1,,,,,,,7,3,,,,,,,
2015,San Clemente Island,101,21.4,21.41794872,21.5,41.7,42,42.3,75,39,2807,,,,8,,,,,,,,,1,,,,,,,,,,,1,,,,2,,,,2,,,10,13,2,,,,,,
2016,San Clemente Island,101,,,,43,45.27727231,49.8,75,22,2639,,,,7,,,,,,,,,,,,,,,,,,,,,,,,2,,,,,,,8,2,,,,3,,,
2017,San Clemente Island,101,,,,41.3,44.26000031,47.2,75,25,4483,,,,7,,,,,,,,,2,,,,,,,,,,,,,,5,2,,,,,,,3,,4,,,2,,,
2018,San Clemente Island,101,,,,42,44.33030365,46.9,70,33,4246,,,,7,,,,,,,,,2,,,,,,,,,,,,,,3,,,,,3,,,10,2,6,,,,,,
2019,San Clemente Island,101,,,,46.1,48.80769289,50.5,75,13,4518,,,,4,,,,,,,,,,,,,,,,1,,,,,,,,1,,,,,,,2,,4,,,1,,,
2004,Point Conception/Arguello,149,,,,62,62.05714308,62.2,75,49,2222,,,,3,,,,,,,2,,1,,,,,,1,15,,,,,,,,,,,,,,,,,,,,22,5,,
2008,Point Conception/Arguello,149,,,,59.9,60.38000031,60.9,74,70,2179,,,,2,,,,,,,,,,,,,,,3,12,2,,,,,,,,,,,,,,,,1,,,47,3,,
2009,Point Conception/Arguello,149,,,,60,60.46811499,61.1,73,69,1729,,,,4,,,,,,,,,,,,,,,1,4,,,,,,,,,,,,,,,1,,,,,59,,,
2010,Point Conception/Arguello,149,,,,59.8,60.41690139,61.6,75,71,1766,,,,4,,,,,,,,,1,,,,,,,9,,,,,,,,,,,,,,,,,,,,56,,,
2011,Point Conception/Arguello,149,,,,60.3,60.94861094,61.5,75,72,2156,,,,9,,,,,,,,,2,,,,,,,5,,,,,,,,,,,,,,,,,,,,54,2,,
2012,Point Conception/Arguello,149,14.6,15.14411765,15.8,60.1,60.66764691,61.4,75,68,1823,,,,7,,,,,,,,,,1,,,,,1,9,,,,3,,,,,,,,,,,,,,,,47,,,
2013,Point Conception/Arguello,149,14.9,15.08769231,15.3,60,61.57846134,62.2,74,65,2469,,,,6,,,,,,,,,1,,,,,,1,14,,,,4,,,,,,,,,,,1,,,,,37,1,,
2014,Point Conception/Arguello,149,17.9,18.22909091,18.5,59.6,60.30181829,60.9,67,55,1680,,,,9,,,,,,,,,1,,,,,,2,2,,,,,,,,,,,,,,,,,,,,34,7,,
2015,Point Conception/Arguello,149,22.1,22.30612245,22.5,60.5,61.16734719,61.7,75,49,3614,,,,10,,,,,,,,,1,,,,,,,10,,,,,,,,,,,,,1,,,,,,,25,2,,
2016,Point Conception/Arguello,149,,,,60.8,61.49285638,62,75,70,3425,,,,7,,,,,,,,,,,,,,,,7,,,,1,,,,,,,,,,,,,,,,55,,,
2017,Point Conception/Arguello,149,,,,59.5,59.89016461,60.2,73,61,2114,,,,4,,,,,,,1,,,,,,,,,2,,,,4,,,,,,,,,,,,,,,,50,,,
2018,Point Conception/Arguello,149,,,,60.4,61.52727335,62.2,75,66,1962,,,,1,,,,,,,1,,,,,,,,,2,,,,,,,,,,,,,1,,,,,,,60,1,,
2019,Point Conception/Arguello,149,,,,60.9,61.15373145,61.6,75,67,708,,,,8,,,,,,,,,,,,,,,,,,,,,,,,,,,,,,,,,,,,58,1,,
2004,Point Conception/Arguello,151,,,,61,61.08928571,62,72,28,2708,,,,6,,,,,,,,,1,,,,,,1,4,,,,,,,,,,,,,,,,,,,,16,,,
2005,Point Conception/Arguello,151,,,,61,61,61,74,68,1055,,,,16,,,,,,,,,,,,,,,,,,,,,,,,,,,,,,,,,,,,52,,,
2006,Point Conception/Arguello,151,,,,62.2,62.49423122,62.9,68,52,2680,,,,3,,,,,,,,,,,,,,,1,8,,,,,,,,,,,,,,,3,5,,,,32,,,
2007,Point Conception/Arguello,151,,,,61.2,61.84444526,63.5,75,54,2236,,,,1,,,,,,,,,,,,,,,2,4,,,,,,,,,,,,,,,1,1,,,,44,1,,
2008,Point Conception/Arguello,151,,,,61.1,61.36078404,61.6,75,51,2809,,,,10,,,,,,,,,1,,,,,,1,12,,,,,,,,,,,,,,,2,,,,,23,2,,
2009,Point Conception/Arguello,151,,,,60.9,62.14262328,65.3,75,61,2354,,,,11,,,,,,,,,2,1,,,,,,19,2,,,,,,,,,,,,,,1,,,,,25,,,
2010,Point Conception/Arguello,151,,,,61.6,61.84166643,62.4,74,36,3724,,,,1,,,,,,,,,,,,,,,,9,1,,,,,,,,,,,,,,,,,,,25,,,
2011,Point Conception/Arguello,151,,,,61.2,61.6,62.4,75,70,2225,,,,14,,,,,,,,,,1,,,,,,2,,,,,,,,,,,,,,,,,,,,53,,,
2012,Point Conception/Arguello,151,16.1,16.1952381,16.3,61.3,62.06904747,62.3,74,42,3284,,,,17,,,,,,,,,,,,,,,2,7,1,,,1,,,,,,,,,,,,,,,,14,,,
2013,Point Conception/Arguello,151,14.2,14.25185185,14.4,62,62.5037028,63,75,27,4508,,,,6,,,,,,,,,,,,,,,,16,,,,,,,,,,,,,3,,1,,,,,1,,,
2014,Point Conception/Arguello,151,18.5,18.83333333,19,61.4,61.71025731,62.3,73,39,3034,,,,13,,,,,,,,,,,,,,,,15,,,,,,,,,,,,,,,,,,,,11,,,
2015,Point Conception/Arguello,151,22,22.02325581,22.2,61.3,61.87906984,62.2,75,43,3892,,,,14,,,,,,,1,,,,,,,,,11,1,,,2,,,,,,,,,1,,,,,,,13,,,
2016,Point Conception/Arguello,151,,,,61.4,61.99333382,62.5,74,30,4339,,,,5,,,,,,,,,,,,,,,,1,,,,1,,,,,,,,,4,,1,,,,,18,,,
2017,Point Conception/Arguello,151,,,,61.2,61.47083322,61.9,74,48,3011,,,,3,,,,,,,3,,1,,,,,,,1,,,,,,,,,,,,,,,,,,,,40,,,
2018,Point Conception/Arguello,151,,,,61,61.3129022,61.6,74,62,1895,,,,8,,,,,,,3,,,,,,,,,5,,,,,,,,,,,,,,,1,,,,,45,,,
2019,Point Conception/Arguello,151,,,,61.5,61.94807676,63.1,75,52,1125,,,,4,,,,,,,4,,,,,,,,,6,,,,,,,,,,,,,,,,,,,,38,,,
2004,Point Conception/Arguello,152,,,,45,45.6757579,46,72,66,700,,,10,5,,,,,,,3,,,,,,,,,4,,,,,,,,1,,,,,,,,,,,,37,2,,4
2008,Point Conception/Arguello,152,,,,46.7,47.32419426,49.4,75,62,1019,,,5,3,,,,,,,,,4,,,,,,,2,,,,,,,,,,,,,,,,1,1,,,31,11,,4
2009,Point Conception/Arguello,152,,,,47.2,47.37973002,47.6,75,74,1129,,,2,22,,,,,,,,,6,,,,,,,2,,,,1,,,,,,,,,,,1,,1,,,32,3,1,3
2010,Point Conception/Arguello,152,,,,46.7,46.92656296,47,75,64,3258,,,,4,,,,,,,,,3,,,,,,,7,,,,6,,,,,,,,,,,,,4,,,38,,,2
2011,Point Conception/Arguello,152,,,,47.5,47.94999984,48.4,75,70,2776,,,2,2,,,,,,,,,2,,,,,,,,,,,,,,,1,,,,,,,,,,,,21,,,42
2012,Point Conception/Arguello,152,17,17.17272727,17.3,47,47.38787853,47.9,64,33,1906,,,,8,,,,,,,,,1,,,,,,,5,,,,3,,,,,,,,,,,,,1,,,12,,,3
2013,Point Conception/Arguello,152,15.6,16.18030303,16.7,46.1,46.98636332,48,75,66,3727,,,3,6,,,,,,,,,2,,,,,,,5,,,,16,,,,,,,,,,,,,,,,22,,,12
2014,Point Conception/Arguello,152,18.1,18.39767442,18.6,46,46.61395379,47,67,43,659,,,,8,,,,,,,,,,,,,,,,,,,,3,,,,,,,,,,,,,,,,24,1,,7
2015,Point Conception/Arguello,152,19.6,19.6,19.6,47,47.52241352,48.3,75,58,2555,,,,13,,,,,,,,,8,,,,,,,3,,,,1,,,,,,,,,,,,,1,,,29,,,3
2016,Point Conception/Arguello,152,,,,46.6,46.98518435,47.6,65,54,3726,,,1,4,,,,,,,,,1,,,,,,,1,,,,4,,,,1,,,,,1,,,,,,,41,,,
2017,Point Conception/Arguello,152,,,,46.7,46.85757625,47.1,75,66,1756,,,1,3,,,,,,,,,7,,,,,,,5,,,,,,,,,,,,,,,,,,,,44,1,,5
2018,Point Conception/Arguello,152,,,,46.9,47.16716476,47.6,75,67,2204,,,4,8,,,,,,,2,,1,,,,,,,8,,,,,,,,,,,,1,,,,,1,,,38,,,4
2019,Point Conception/Arguello,152,,,,46.1,46.44385917,47.1,75,57,1421,,,6,7,,,,,,,,,1,,,,,,,2,,,,,,,,,,,,1,,,1,,,,,39,,,
2004,Point Conception/Arguello,154,,,,70,70.75961538,74,75,52,2275,,,,4,,,,,,,1,,,,,,,,,18,1,,,1,,,,,,,,,,,,,,,,27,,,
2005,Point Conception/Arguello,154,,,,72,72.36170213,76,74,47,2232,,,,1,,,,,,,,,,,,,,,1,1,,,,,,,,,,,,,,,,,,,,44,,,
2006,Point Conception/Arguello,154,,,,73.1,73.09999847,73.1,15,4,535,,,,,,,,,,,,,,,,,,,,4,,,,,,,,,,,,,,,,,,,,,,,
2007,Point Conception/Arguello,154,,,,73,73,73,74,63,2295,,,,1,,,,,,,,,,,,,,,1,11,,,,,,,,,,,,,,,,,,,,50,,,
2008,Point Conception/Arguello,154,,,,74.3,76.78400146,79,71,25,2915,,,,,,,,,,,,,,,,,,,,5,1,,,,,,,,,,,,,,,,,,,19,,,
2009,Point Conception/Arguello,154,,,,72.7,73.59142718,77.2,75,35,3662,,,,4,,,,,,,,,,,,,,,4,10,5,,,,,,,,,,,,,,,,,,,12,,,
2010,Point Conception/Arguello,154,,,,72,72.86438427,73.4,75,73,2324,,,,3,,,,,,,,,,1,,,,,,3,,,,,,,,,,,,,,,,,,,,66,,,
2011,Point Conception/Arguello,154,,,,71.9,72.20757583,72.5,75,66,2499,,,,4,,,,,,,,,,,,,,,,,,,,,,,,,,,,,,,,,,,,62,,,
2012,Point Conception/Arguello,154,15.7,16.91147541,17.4,75,75.23770592,75.5,70,61,1777,,,,3,,,,,,,,5,,,,,,,,5,,,,,,,,,,,,,,,,,,,,48,,,
2013,Point Conception/Arguello,154,15.2,15.3147541,15.4,71.7,73.00491671,75.1,75,61,2483,,,,16,,,,,,,,,,,,,,,,1,,,,1,,,,,,,,,,,,,,,,42,1,,
2014,Point Conception/Arguello,154,19,19.024,19.2,74,74.74799957,76.4,61,50,825,,,,13,,,,,,,,,,,,,,,,,,,,,,,,,,,,,,,,,,,,37,,,
2015,Point Conception/Arguello,154,21.5,21.64,21.7,72.3,74.72000071,76,75,15,3928,,,,,,,,,,,,,,,,,,,,1,1,,,1,,,,,,,,,,,,,,,,12,,,
2016,Point Conception/Arguello,154,,,,74.2,80.79615285,87.3,74,52,3936,,,,1,,,,,,,1,,,,,,,,1,2,,,,10,,,,,,,,,,,,,,,,34,3,,
2017,Point Conception/Arguello,154,,,,71,71.75500031,72.5,75,20,3437,,,,1,,,,,,,1,,,,,,,,,,,,,,,,,,,,,,,,,,,,,18,,,
2018,Point Conception/Arguello,154,,,,72.3,73.25400238,74.3,70,50,3318,,,,1,,,,,,,,4,,,,,,,,7,2,,,5,,,,,,,,,,,,,,,,31,,,
2019,Point Conception/Arguello,154,,,,71.6,71.83749866,72.4,75,67,4016,,,,,,,,,,,8,,,,,,,,,4,4,,,1,,,,,,,,,,,,,,,,50,,,
2004,San Miguel Island,180,,,,32.4,38.26666689,44.8,69,24,1833,,,3,13,,,,,,,,,,,,,,,,,,,,2,,,,4,,,,1,,,,,,,,1,,,
2005,San Miguel Island,180,,,,34,37.61363636,40,67,44,2130,,,19,7,,,,,,,,,,,,,,,,,,,,6,,,,,,,,2,,,,,,,,9,,,1
2007,San Miguel Island,180,,,,39,39.44716939,40.3,75,53,2532,,,,29,,,,,,,,,,,,,,,,,,,,2,,,,5,,,,2,,,2,,2,,,10,,1,
2008,San Miguel Island,180,,,,36.1,39.01272736,41.2,60,55,2331,,,12,9,,,,,,,,,,,,,,,,,,,,1,,,,20,,,,1,,,5,,2,,,5,,,
2009,San Miguel Island,180,,,,35.7,39.51190458,41.8,75,42,4184,,,4,11,,,,,,,,,,,,,,,,,,,,2,,,,3,,,,1,,,5,,7,,,3,,4,2
2010,San Miguel Island,180,,,,37.3,39.55609652,41.6,75,41,3881,,,20,,,,,,,,,,,,,,,,,,,,,,,,,,,,,1,,,9,1,2,,,6,1,,1
2011,San Miguel Island,180,,,,34.2,36.55000012,38.4,75,56,2939,,,17,18,,,,,,,,,1,,,,,,,,,,,4,,,,1,,,,1,,,7,,2,,,4,1,,
2012,San Miguel Island,180,15.6,15.65952381,15.7,39.5,40.1380954,41.3,75,42,4018,,,2,15,,,,,,,,,4,,,,,,,,,,,8,,,,3,,,,,,,1,,,,,9,,,
2013,San Miguel Island,180,15.7,15.7,15.7,33.7,37.46363657,43.5,75,11,3011,,,,,,,,,,,,,1,,,,,,,,,,,10,,,,,,,,,,,,,,,,,,,
2014,San Miguel Island,180,17,17.26315789,17.6,34.5,39.71052672,45.2,68,19,2511,,,5,1,,,,,,,,,,,,,,,,,,,,13,,,,,,,,,,,,,,,,,,,
2016,San Miguel Island,180,,,,39.7,40.28999996,40.8,40,20,1756,,,,4,,,,,,,,,,,,,,,,,,,,16,,,,,,,,,,,,,,,,,,,
2017,San Miguel Island,180,,,,33.7,36.31110997,41.1,75,18,4365,,,,14,,,,,,,,,,,,,,,,,,,,1,,,,,,,,,,,,,,,,3,,,
2018,San Miguel Island,180,,,,37.7,40.25434842,41.2,74,46,3292,,,,32,,,,,,,,,,,,,,,,,,,,1,,,,3,,,,,,,1,,,,,9,,,
2019,San Miguel Island,180,,,,39.5,40.29791721,41,70,48,3687,,,2,9,,,,,,,,,2,,,,,,,,,,,,,,,14,,,,2,,,2,,,,,16,,1,
2005,San Miguel Island,181,,,,64,64.4787234,65,73,47,3415,,,,9,,,,,,,,,,,,,,,,5,,,,,,,,,,,,,,,4,,2,,,21,5,,1
2007,San Miguel Island,181,,,,64.4,64.80615352,65,74,65,1642,,,,11,,,,,,,,,,,,,,,,4,,,,3,,,,,,,,,,,,,,,,42,2,,3
2008,San Miguel Island,181,,,,65.3,65.83571516,67.4,73,56,2388,,,,4,,,,,,,,,,,,,,,,7,,,,,,,,1,,,,,,,2,,,,,40,2,,
2009,San Miguel Island,181,,,,67.1,67.55538518,67.9,75,65,2038,,,,1,,,,,,,1,,,1,,,,,,4,,,,1,,,,,,,,,,,2,,,,,55,,,
2010,San Miguel Island,181,,,,64.6,66.04166587,67.9,75,48,2063,,,,,,,,,,,,,,,,,,,,2,,,,,,,,,,,,,,,3,,,,,39,4,,
2011,San Miguel Island,181,,,,65.4,65.82727363,66.4,69,66,1659,,,,1,,,,,,,,,,,,,,,,,,,,1,,,,,,,,,,,1,,,,,63,,,
2012,San Miguel Island,181,15.5,15.60540541,15.8,65.1,65.66756604,66.5,74,37,3186,,,,2,,,,,,,,,,,,,,,,5,1,,,,,,,,,,,,,,2,,,,,27,,,
2013,San Miguel Island,181,14.4,14.75925926,14.9,65.4,66.72222166,67.2,75,27,2543,,,,1,,,,,,,,,,,,,,,,,,,,,,,,,,,,,,,,,,,,26,,,
2014,San Miguel Island,181,17.6,17.6,17.6,65.8,66.76666819,67.8,65,30,2314,,,,2,,,,,,,,,,,,,,,,7,2,,,,,,,,,,,,,,,,,,,18,,,1
2015,San Miguel Island,181,20,20.24,20.3,65.2,66.105713,67.4,75,70,1286,,,,5,,,,,,,,,,,,,,,,,,,,,,,,,,,,,,,,,,,,64,,,1
2016,San Miguel Island,181,,,,64.6,66.10666555,67.3,68,30,3910,,,,3,,,,,,,,,,,,,,,,2,,,,1,,,,,,,,,,,2,,,,,21,,,1
2017,San Miguel Island,181,,,,65.4,65.92173833,66.5,73,46,3449,,,,1,,,,,,,,,,,,,,,,18,1,,,,,,,,,,,,,,,,,,,25,,,1
2018,San Miguel Island,181,,,,64.9,65.51323689,66.5,74,68,2149,,,,1,,,,,,,1,,,,,,,,,2,,,,,,,,,,,,,,,2,,,,,62,,,
2019,San Miguel Island,181,,,,65.9,66.53793046,67.4,72,58,2816,,,,5,,,,,,,,,,,,,,,,3,,,,,,,,1,,,,,,,2,,,,,47,,,
2004,San Miguel Island,182,,,,69,69.27096705,70,68,62,890,,,,18,,,,,,,3,,,,,,,,,4,,,,1,,,,,,,,,,,,,,,,35,1,,
2005,San Miguel Island,182,,,,68.5,69.65,70,72,60,1208,,,,7,,,,,,,,,,,,,,,,,,,,1,,,,,,,,,,,,,,,,44,,,8
2007,San Miguel Island,182,,,,69,69.85312498,71.6,73,64,1160,,,,16,,,,,,,,2,,1,,,,,,1,,,,,,,,,,,,,,,,,,,,36,,,8
2008,San Miguel Island,182,,,,68.7,69.76538394,71.3,69,52,1288,,,,4,,,,,,,,2,,1,,,,,,1,,,,,,,,,,,,,,,1,,,,,31,1,,11
2009,San Miguel Island,182,,,,70.2,70.88749981,71.4,69,56,2021,,,,9,,,,,,,,2,,,,,,,,3,,,,1,,,,,,,,,,,2,,,,,37,,,2
2010,San Miguel Island,182,,,,69.1,70.37142781,71.1,69,56,1566,,,,4,,,,,,,,,,,,,,,,,,,,,,,,,,,,,,,3,,,,,47,1,,1
2011,San Miguel Island,182,,,,68,68.73285686,69.1,73,70,1280,,,,8,,,,,,,,2,,,,,,,,,,,,1,,,,,,,,,,,1,,,,,54,,,4
2012,San Miguel Island,182,15.7,15.8016129,15.9,69,69.24838638,69.6,75,62,2290,,,,8,,,,,,,,,,,,,,,,5,,,,3,,,,,,,,,,,1,,,,,38,,,7
2013,San Miguel Island,182,14.8,14.85681818,15,69.9,70.4499999,71,75,44,2725,,,,1,,,,,,,,,,,,,,,,,,,,,,,,,,,,,,,2,,,,,35,,,6
2014,San Miguel Island,182,17.6,17.6,17.6,69.5,71.00000116,72.1,62,46,2410,,,,3,,,,,,,,,,,,,,,,5,,,,,,,,,,,,,,,,,,,,37,,,1
2015,San Miguel Island,182,20,20.08028169,20.1,68.7,69.3028169,69.9,75,71,1199,,,,8,,,,,,,,,,,,,,,,,,,,,,,,,,,,,,,,,,,,62,,,1
2016,San Miguel Island,182,,,,70.2,70.28064568,70.4,69,62,2898,,,,12,,,,,,,,,,1,,,,,,3,,,,3,,,,,,,,,,,,,,,,42,,,1
2017,San Miguel Island,182,,,,70.7,71.06296257,71.4,71,54,2568,,,,2,,,,,,,,,,,,,,,,8,,,,,,,,,,,,,,,,,,,,44,,,
2018,San Miguel Island,182,,,,70,70.25806378,70.5,73,62,3021,,,,4,,,,,,,,,,,,,,,,9,,,,,,,,,,,,,,,6,,,,,42,,,1
2019,San Miguel Island,182,,,,70.3,70.95294335,71.5,74,68,1891,,,,6,,,,,,,,,,,,,,,,,,,,,,,,,,,,,,,,,,,,54,,,8
2005,San Miguel Island,184,,,,67,67.18939394,67.5,73,66,1058,,,,13,,,,,,,3,,,,,,,,,1,,,,,,,,,,,,,,,,,,,,46,,,3
2007,San Miguel Island,184,,,,67.7,68.25714043,68.7,71,56,2055,,,,5,,,,,,,,,,,,,,,,4,,,,1,,,,,,,,,,,,,1,,,29,1,,15
2008,San Miguel Island,184,,,,67.4,67.88142885,68.4,72,70,2304,,,,6,,,,,,,,9,,,,,,,,1,,,,,,,,,,,,,,,7,,,,,36,,,11
2009,San Miguel Island,184,,,,67.6,68.7149999,70.5,75,60,1161,,,,1,,,,,,,,10,,,,,,,,5,,,,,,,,,,,,,,,1,,1,,,37,1,,4
2010,San Miguel Island,184,,,,68.4,68.63999967,68.8,73,55,3057,,,,,,,,,,,,,,,,,,,,,,,,,,,,,,,,,,,7,,,,,43,2,,3
2011,San Miguel Island,184,,,,67.7,68.0969696,68.3,75,66,1905,,,,3,,,,,,,,14,,,,,,,,1,,,,,,,,,,,,,,,2,,,,,39,,,7
2012,San Miguel Island,184,15.9,16.32727273,16.7,66.8,67.10363672,67.8,72,55,1259,,,,7,,,,,,,,1,,,,,,,,6,,,,1,,,,,,,,,,,2,,,,,38,,,
2013,San Miguel Island,184,14.5,14.536,14.6,67.7,68.06799896,69,75,25,4210,,,,,,,,,,,,,,,,,,,,3,,,,1,,,,,,,,,,,,,,,,21,,,
2014,San Miguel Island,184,17.2,17.2,17.2,68.1,72.09487152,76,71,39,2689,,,,3,,,,,,,,,,,,,,,,5,,,,1,,,,,,,,,,,,,,,,28,,,2
2016,San Miguel Island,184,,,,68,68.44999843,68.7,44,36,2083,,,,4,,,,,,,,,,,,,,,,1,,,,,,,,,,,,,,,,,,,,31,,,
2017,San Miguel Island,184,,,,68.1,68.40434785,68.8,74,69,2273,,,,12,,,,,,,,,,,,,,,,1,,,,1,,,,,,,,,,,,,,,,50,,,5
2018,San Miguel Island,184,,,,67.5,67.95217321,68.2,74,69,2541,,,,6,,,,,,,,,,,,,,,,2,,,,,,,,,,,,,,,2,,,,,48,,,11
2019,San Miguel Island,184,,,,67.7,68.00980422,68.4,75,51,3114,,,,3,,,,,,,,,,,,,,,,1,,,,,,,,,,,,,,,4,,1,,,34,,,8
2004,San Miguel Island,185,,,,48,48.41071429,48.5,71,56,763,,,,33,,,,,,,,,,,,,,,,,,,,3,,,,4,,,,,,,3,,,,,,,1,12
2005,San Miguel Island,185,,,,47.4,49.44677501,52.5,71,62,1339,,,,17,,,,,,,,,,,,,,,,,,,,,,,,1,,,,,,,,,,,,,22,,22
2007,San Miguel Island,185,,,,48,48.26056322,48.9,75,71,1885,,,,18,,,,,,,,,,,,,,,,,,,,2,,,,7,,,,,,,2,,1,,,14,4,1,22
2008,San Miguel Island,185,,,,48.2,49.15396784,49.6,72,63,1211,,,,10,,,,,,,1,,,,,,,,,,,,,,,,,13,,,,,,,8,,,,,7,5,,17
2009,San Miguel Island,185,,,,47.6,50.6090907,52.6,75,55,1536,,,,9,,,,,,,,,,,,,,,,5,1,,,,,,,2,,,,1,,,5,,2,,,23,2,,5
2010,San Miguel Island,185,,,,47.1,48.7399992,50.8,70,40,2258,,,,1,,,,,,,,,,,,,,,,,1,,,2,,,,3,,,,,,,7,,2,,,3,3,,18
2011,San Miguel Island,185,,,,47.7,49.01372588,51.4,70,51,3859,,,,10,,,,,,,,,,,,,,,,1,,,,1,,,,2,,,,,,,6,,,,,12,4,,15
2012,San Miguel Island,185,15.9,15.98095238,16.1,46.8,47.76666668,48.5,75,42,1816,,,,5,,,,,,,,,,,,,,,,,,,,3,,,,2,,,,1,,,7,,,,,11,,1,12
2013,San Miguel Island,185,14.3,14.3,14.3,48.7,49.94137928,51,64,29,3748,,,,7,,,,,,,,,1,,,,,,,,,,,,,,,2,,,,,,,3,,2,,,6,,,8
2014,San Miguel Island,185,16.7,16.7,16.7,49.8,52.23541657,56.1,71,48,2532,,,,9,,,,,,,,,,,,,,,,1,,,,4,,,,3,,,,,,,1,,1,,,11,1,,17
2015,San Miguel Island,185,18.6,18.74,18.8,47.6,48.68499953,50.3,75,60,1917,,,,15,,,,,,,,,1,,,,,,,,,,,1,,,,,,,,,,,12,,,,,6,,,25
2016,San Miguel Island,185,,,,49,50.08979642,51.2,75,49,4256,,,,11,,,,,,,,,,,,,,,,,,,,2,,,,,,1,,,,,3,,,,,30,,,2
2017,San Miguel Island,185,,,,46.9,49.18421153,50.7,75,19,3811,,,,4,,,,,,,,,,,,,,,,,,,,,,,,2,,,,,,,1,,1,,,4,2,1,4
2018,San Miguel Island,185,,,,50.6,51.20000006,51.5,75,54,4335,,,,8,,,,,,,,,,1,,,,,,,1,,,2,,,,3,,,,,,,14,,2,,,5,2,,16
2019,San Miguel Island,185,,,,49.8,50.63829706,53,73,47,4241,,,,1,,,,,,,,,,,,,,,,7,,,,,,,,1,,,,,,,5,,2,,,23,3,,5
2004,San Miguel Island,186,,,,51.5,51.93269231,52,65,52,1158,,,,14,,,,,,,1,,,,,,,,,4,,,,1,,,,1,,,,,,,,,,,,31,,,
2005,San Miguel Island,186,,,,51.7,51.98644101,52.5,74,59,2149,,,,18,,,,,,,,,1,,,,,,,1,,,,3,,,,,,,,,,,,,,,,36,,,
2007,San Miguel Island,186,,,,51.6,51.84782592,52.2,73,69,1592,,,,9,,,,,,,,,3,1,,,,,,3,,,,,,,,,,,,,,,1,,,,,52,,,
2008,San Miguel Island,186,,,,51.1,51.56056246,52.1,75,71,986,,,,8,,,,,,,,,1,,,,,,,5,,,,,,,,1,,,,,,,3,,,,,53,,,
2009,San Miguel Island,186,,,,51.3,51.70468754,52.3,75,64,1286,,,,9,,,,,,,,,10,,,,,,,9,,,,,,,,,,,,,,,1,,,,,35,,,
2010,San Miguel Island,186,,,,50.8,51.48363675,52.4,75,55,3286,,,,3,,,,,,,,,3,,,,,,,3,,,,,,,,,,,,,,,1,,,,,45,,,
2011,San Miguel Island,186,,,,51.2,51.6387099,52.1,75,62,1550,,,,12,,,,,,,,,4,,,,,,,2,,,,1,,,,,,,,,,,,,,,,43,,,
2012,San Miguel Island,186,15.9,15.9,15.9,51.5,51.59433912,51.7,72,53,3936,,,,7,,,,,,,,,2,,,,,,,5,,,,1,,,,,,,,,,,1,,,,,37,,,
2013,San Miguel Island,186,14.6,14.84545455,14.9,52,52.08181832,52.7,75,22,4245,,,,2,,,,,,,,,1,,,,,,,2,,,,2,,,,,,,,,2,,,,,,,13,,,
2014,San Miguel Island,186,16.7,16.7,16.7,50.7,52.30816339,55.5,71,49,3218,,,,8,,,,,,,,,1,,,,,,,1,,,,3,,,,,,,,,,,,,,,,36,,,
2015,San Miguel Island,186,18.3,18.35538462,18.4,51.6,52.57230741,55.7,75,65,1209,,,,19,,,,,,,,,5,,,,,,,4,,,,,,,,1,,,,,,,2,,,,,34,,,
2016,San Miguel Island,186,,,,51.6,52.40727303,52.9,75,55,3514,,,,8,,,,,,,,,2,,,,,,,,,,,2,,,,,,,,,,,3,,,,,40,,,
2017,San Miguel Island,186,,,,51.3,51.54528254,51.7,74,53,3058,,,,12,,,,,,,,,4,,,,,,,4,,,,,,,,,,,,,,,,,,,,33,,,
2018,San Miguel Island,186,,,,51.5,51.75652081,52.1,74,69,3452,,,,12,,,,,,,,,5,,,,,,,6,,,,,,,,1,,,,,,,3,,1,,,41,,,
2019,San Miguel Island,186,,,,51.1,51.73400024,52.2,75,50,3121,,,,5,,,,,,,,,1,,,,,,,4,,,,,,,,,,,,,,,5,,1,,,34,,,
2004,Anacapa Island,228,,,,44,51.75,67,75,4,3048,,,,,,,,,,,,,,,,,,,,2,,,,,,,,,,,,,1,,,,,,,1,,,
2008,Anacapa Island,228,,,,40.8,41.91666667,43.3,70,18,4042,,,,,,,,,,,,,,,2,,,,,1,,,,,,,,,1,,,5,,,,,1,,,8,,,
2009,Anacapa Island,228,,,,41.8,44.21999931,55.8,70,10,2657,,,,1,,,,,,,,,,,,,,,,,,,,,,,,,,,,6,1,,,,,,,2,,,
2010,Anacapa Island,228,,,,43.4,44.26956525,45.3,75,23,4102,,,,7,,,,,,,,,,,2,,,,,,,,,,,,,,,,,1,,,,,1,,,12,,,
2011,Anacapa Island,228,,,,44.4,47.63030254,52.4,74,33,3538,,,,21,,,,,,,,,,,2,,,,,,,,,,,,,,,,,,,,1,,,,,9,,,
2012,Anacapa Island,228,20.1,20.125,20.2,42.4,44.52500105,55.9,70,8,3316,,,,4,,,,,,,,,1,,,,,,,,,,,,,,,,,,,,,,,,,,,3,,,
2013,Anacapa Island,228,17.4,17.4,17.4,45.5,48.99215646,53.8,75,51,3146,,,,41,,,,,,,,,4,,1,,,,,,,,,,,,,,,,,1,,,1,,,,,3,,,
2014,Anacapa Island,228,21.4,21.41818182,21.5,43.5,46.08181777,48.6,75,55,1678,,,,9,,,,,,,,,,,1,,,,,,,,,,,,,,,41,,1,1,,1,,1,,,,,,
2016,Anacapa Island,228,,,,42.8,45.45517257,46.9,45,29,1181,,,,20,,,,,,,,,,,,,,,,,,,,,,,,,,,,,,,,,,,,9,,,
2017,Anacapa Island,228,,,,49.8,52.16363658,53.6,75,66,3757,,,,39,,,,,,,,,5,,,,,,,1,,,,,,,,,,,,3,,,4,,1,,,11,2,,
2018,Anacapa Island,228,,,,52.6,52.82571368,53.1,75,62,4007,,,,31,,,,,,,,,2,,1,,,,,1,,1,,1,,,,,,,,3,,,12,,5,,,4,,,
2019,Anacapa Island,228,,,,41.5,44.6311476,52.9,75,61,3792,,,1,15,,,,,,,,,1,,2,,,,,4,,,,,,,,,,5,,,,,1,,3,,,29,,,
2005,Anacapa Island,229,,,,52.2,55.58333333,58.1,75,12,4456,,,,,,,,,,,,,,,,,,,,6,,4,,1,,,,,,,,,,,,,,1,,,,,
2006,Anacapa Island,229,,,,53,54.31428582,56,70,7,2915,,,,,,,,,,,,,,,,,,,,4,,,,,,,,,,,,,,,,2,,1,,,,,
2007,Anacapa Island,229,,,,55.6,55.59999847,55.6,70,1,4391,,,,,,,,,,,,,,,,,,,,,,1,,,,,,,,,,,,,,,,,,,,,
2008,Anacapa Island,229,,,,52.9,55.54166571,59.1,75,12,2196,,,,,,,,,,,,,,,1,,,,,3,,1,,,,,,,,,,,,,,2,2,3,,,,,
2009,Anacapa Island,229,,,,60.5,63.50000153,65.8,75,10,4417,,,,,,,,,,,,,,,,,,,,6,,,,,,,,,,,,,4,,,,,,,,,,
2010,Anacapa Island,229,,,,53.1,57.17499995,60.7,75,16,2762,,,,,,,,,,,,,,,1,,,,,3,,3,,,,,,,,,,,,,,,1,8,,,,,
2011,Anacapa Island,229,,,,52.8,55.97499943,59.8,75,20,3569,,,,18,,,,,,,,,,,,,,,,1,,,,,,,,,,,,,,,,,1,,,,,,
2012,Anacapa Island,229,19.9,19.9952381,20.1,55.7,56.42857197,58,75,21,4288,,,,8,,,,,,,,,,,,,,,,8,,,,3,,,,,,,,,,,,,1,,,1,,,
2013,Anacapa Island,229,18.4,18.4,18.4,55,56.78461632,57.4,75,13,4311,,,,5,,,,,,,,,,,,,,,,6,,,,,,,,,,,,,,,,,,,,2,,,
2014,Anacapa Island,229,19.6,19.62,19.8,52.4,55.72999992,59,75,20,4480,,,,9,,,,,,,,,,,,,,,,9,,1,,,,,,,,,,,,,,,,1,,,,,
2016,Anacapa Island,229,,,,53,53.69999949,54.5,45,9,2696,,,,2,,,,,,,,,,,,,,,,,,4,,,,,,,,,,,,,,1,,2,,,,,
2017,Anacapa Island,229,,,,53,54.26551753,55.9,75,29,4433,,,,,,,,,,,,11,,,,,,,,4,,2,,1,,,,,,,,,,,,3,,4,,4,,,
2018,Anacapa Island,229,,,,53.4,53.69111099,54.3,75,45,4453,,,,2,,,,,,,,3,,,,,,,,5,,11,,,,,,,,,,,,,,16,1,7,,,,,
2019,Anacapa Island,229,,,,54.1,54.9850748,56.7,75,67,4410,,,,,,,,,,,,49,,,,,,,,3,,7,,,,,,,,,,,,,,3,2,3,,,,,
2004,Santa Cruz Island,233,,,,49,49.79999962,51,75,20,3218,,,,1,,,,,,,,1,4,,,,,,,4,,,,,,,,,,,,,,,,,,,,10,,,
2005,Santa Cruz Island,233,,,,48,48.40500031,49.5,75,20,4344,,,,4,,,,,,,,,,,,,,,,2,,,,1,,,,,,3,,,1,,,1,,,,4,4,,
2006,Santa Cruz Island,233,,,,48.4,48.80555513,49.3,75,18,2953,,,,11,,,,,,,,,1,,,,,,,2,,,,,,,,,,,,,,,2,,,,,1,,,
2007,Santa Cruz Island,233,,,,48.5,48.93043402,49.6,75,23,3487,,,,18,,,,,,,,4,,,,,,,,,,,,,,,,,,,,,,,,,,,,1,,,
2008,Santa Cruz Island,233,,,,48.4,48.75600128,49.2,60,25,4080,,,,14,,,,,,,,,2,,1,,,,,5,,,,,,,,,,,,,,,,,,,,3,,,
2009,Santa Cruz Island,233,,,,48.4,49.13500061,50,75,20,3082,,,,8,,,,,,,,3,,,1,,,,,7,,,,,,,,,,,,,,,,,,,,1,,,
2010,Santa Cruz Island,233,,,,48,49,49.8,75,10,3568,,,,4,,,,,,,,2,,,,,,,,1,,,,,,,,,,,,,,,,,,,,3,,,
2011,Santa Cruz Island,233,,,,49.6,50.01515105,50.8,75,33,4403,,,,12,,,,,,,,,,,1,,,,,,,,,2,,,,,,,,,,,,,,,,18,,,
2012,Santa Cruz Island,233,21.3,21.38333333,21.5,48,48.31249984,48.5,75,24,2764,,,,15,,,,,,,,,,,,,,,,1,,,,2,,,,,,,,,,,1,,,,,5,,,
2013,Santa Cruz Island,233,19.2,19.2,19.2,47.1,48.65714155,51.1,70,14,3255,,,,7,,,,,,,,,1,,,,,,,,,,,1,,,,,,,,,,,1,,,,,4,,,
2014,Santa Cruz Island,233,21.5,21.68,21.7,47.7,48.58000107,50.4,75,10,2678,,,,6,,,,,,,,,1,,,,,,,2,,,,,,,,,,,,,,,,,,,,1,,,
2015,Santa Cruz Island,233,23.6,23.72083333,23.8,47.9,49.8250006,50.7,70,24,3911,,,,1,,,,,,,,,4,,,,,,,4,,1,,2,,,,,,,,,8,,1,,,,,3,,,
2016,Santa Cruz Island,233,,,,49.5,49.72499943,50.2,75,4,4481,,,,3,,,,,,,,,,,,,,,,,,,,,,,,,,,,,,,,,,,,1,,,
2017,Santa Cruz Island,233,,,,49.9,50.69285829,51.7,75,14,4470,,,,2,,,,,,,,2,,,,,,,,5,,1,,,,,,,,,,2,1,,,,,,,1,,,
2018,Santa Cruz Island,233,,,,48.6,49.34516193,50.4,75,31,3227,,,,9,,,,,,,,13,,,,,,,,2,,,,,,,,,,,,,6,,,,,,,,1,,
2019,Santa Cruz Island,233,,,,49.8,49.79999924,49.8,75,1,4412,,,,,,,,,,,,,1,,,,,,,,,,,,,,,,,,,,,,,,,,,,,,
2004,South Coast,291,,,,41,43.46666667,46,69,15,4275,,,,2,,,,,,,,,,,1,,,,,,,,,,,,,,,3,,,,,4,,1,,,4,,,
2005,South Coast,291,,,,43,44.03333333,46,75,15,3620,,,,3,,,,,,,,,,,,,,,,,,,,,,1,,,,,,,,,3,,3,,,5,,,
2006,South Coast,291,,,,41,41.84210526,47,75,19,3811,,,,10,,,,1,,,,,,,1,,,,,,,,,,,,,,,,,,1,,2,,1,,,3,,,
2007,South Coast,291,,,,40.7,45.52500089,49,75,12,3950,,,,8,,,,,,,,,,,,,,,,,,,,,,,,,,,,2,1,,1,,,,,,,,
2008,South Coast,291,,,,45.8,47.3357138,48.7,69,14,4074,,,,,,,,,,,,,,,,,,,,,,,,,,,,,,1,,1,1,,7,4,,,,,,,
2009,South Coast,291,,,,41.7,45.5333341,47.7,75,6,4498,,,,2,,,,,,,,,,,,,,,,2,,,,,,,,,,,,,,,,,1,,,,,,
2010,South Coast,291,,,,44.4,46.80000051,48,75,3,3539,,,,,,,,,,,,,,,,,,,,1,,1,,,,,,,,,,,1,,,,,,,,,,
2011,South Coast,291,,,,42.4,44.5666666,47.6,60,12,3631,,,,2,,,,,,,,2,,,,,,,,,,1,,,,,,,,,,,,,2,1,4,,,,,,
2012,South Coast,291,20.4,20.5,20.6,42.3,46.08749866,47.6,75,8,3517,,,,,,,,,,,,2,,,,,,,,1,,,,,1,,,,,,,,,,1,,2,,,1,,,
2013,South Coast,291,19.6,19.6,19.6,44.9,45.77058949,48.9,75,17,3886,,,,3,,,,,,,,,1,,,,,,,,,,,,1,,,,,,,,10,,1,,1,,,,,,
2014,South Coast,291,21.6,21.6,21.6,42.7,44.06875014,45.7,75,32,4320,,,2,,,,,,,,,,2,,,,,,,,,2,,,,,,,,,,,1,,2,22,,,,,1,,
2015,South Coast,291,24.1,24.10294118,24.2,43.1,45.65882335,47.7,70,34,3448,,,,6,,,,2,,1,,,,1,,,,,,,,,,,,,,,,,,,,,1,23,,,,,,,
2016,South Coast,291,,,,44.9,47.8000006,49.4,63,14,4150,,,,1,,,,,,,,5,2,,,,,,,,,,,,,,,,,6,,,,,,,,,,,,,
2017,South Coast,291,,,,40.9,42.22413754,45.6,75,29,2127,,,,7,,,,,,,,1,,,,,,,,,,,,,,,,,,1,,1,,,8,10,1,,,,,,
2018,South Coast,291,,,,43.5,44.88000031,46,75,10,3234,,,,4,,,,,,,,,,,,,,,,,,,,,,,,,,,,,,,3,3,,,,,,,
2019,South Coast,291,,,,45.6,45.9666659,46.3,70,3,4518,,,,3,,,,,,,,,,,,,,,,,,,,,,,,,,,,,,,,,,,,,,,
2005,South Coast,292,,,,41,41.15384615,41.5,75,13,2879,,,,,,,,,,,,,,,,,,,,3,,,,2,,,,,,2,,,,,,,,,,6,,,
2006,South Coast,292,,,,41.4,41.48333359,41.5,70,6,3429,,,,1,,,,,,,,,1,,,,,,,2,,,,,,,,,,,,,,,,,,,,2,,,
2007,South Coast,292,,,,41.5,42,42.5,75,22,4299,,,,2,,,,,,,,,2,,,,,,,5,,,,,,,,,,3,,,,,,,1,,,9,,,
2008,South Coast,292,,,,41.9,42.18000031,42.5,65,5,4038,,,,,,,,,,,,,,,1,,,,,,,,,,,,,,,,,,,,,,,,,4,,,
2009,South Coast,292,,,,41.8,42.04999924,42.3,75,2,3806,,,,,,1,,,,,,,,,,,,,,,,,,,,,,,,,,,,,,1,,,,,,,
2010,South Coast,292,,,,41.3,41.73333359,42.2,75,3,4510,,,,,,,,,,,,,1,,,,,,,,,,2,,,,,,,,,,,,,,,,,,,,
2011,South Coast,292,,,,42,42.15833282,42.9,75,12,3835,,,,3,,,,,,,,,,,,,,,,2,,1,1,,,,,,,,,,,,,3,1,,,1,,,
2012,South Coast,292,20.7,20.745,20.8,42.4,42.55500107,43.4,75,20,4561,,,,,,,,,,,,,1,,1,,,1,,,,15,,,1,,,,,,,,,,,1,,,,,,,
2013,South Coast,292,21.1,21.29090909,21.3,42,42.45454545,43,75,22,2658,,,,3,,,,,,,,,2,,,,,,,6,,,2,,,,,,,,,,,,,1,,,,8,,,
2014,South Coast,292,21.9,22.03333333,22.1,40.5,41.23333263,41.3,74,12,3495,,,,,,,,,,,,,,,,,,,,1,,1,,,,,,,,7,,,,,,,,,,3,,,
2015,South Coast,292,24.1,24.1,24.1,41.6,41.79999901,42.3,75,17,3700,,,,,,,,,,,,,2,,,,,,,,,,,,,,,,,,,,,,,,,,,15,,,
2016,South Coast,292,,,,41.4,41.64615484,42.3,75,13,4408,,,,,,,,,,,,,5,,,,,,,2,,,,,,,,,,,,,,,,,,,,6,,,
2017,South Coast,292,,,,40.4,41.46363657,42.2,75,22,3304,,,,,,,,,,,,,1,,,,,,,,,,,1,,,,,,13,,,,,,1,,,,6,,,
2018,South Coast,292,,,,41.2,41.87272679,42.5,75,11,3080,,,,,,1,,,,,,,,,,,,,,1,,,,1,,,,,,,,,,,,1,,,,7,,,
2019,South Coast,292,,,,42,42.27500105,42.4,75,32,4420,,,,1,,,,,,,,,4,,,,,,,,,1,,,,,,,,1,,,,,,,,,,25,,,
2004,South Coast,293,,,,28,28.63333384,29.7,75,3,4394,,,,,,,,,,,,,,,,,,,,,,,,,1,,,,,,,,,,,,,,,2,,,
2005,South Coast,293,,,,27,27.25,28,75,4,3906,,,,,,,,,,,,,,,,,,,,,,,2,,,,,,,,,,,,,,,,,2,,,
2006,South Coast,293,,,,27.3,27.79999924,28.3,75,2,4507,,,,,,,,,,,,,,,1,,,,,,,,,,,,,,,,,,,,,,,,,1,,,
2007,South Coast,293,,,,27.4,27.99999936,28.3,75,3,4076,,,,1,,,,,,,,,,,,,,,,,,,,1,,,1,,,,,,,,,,,,,,,,
2008,South Coast,293,,,,28.1,28.10000038,28.1,70,1,4126,,,,,,,,,,,,,,,,,,,,,,,,,,,,,,,,,,,,,1,,,,,,
2009,South Coast,293,,,,27.8,28.32499981,28.5,75,4,3419,,,,,,,,,,,,,,,,,,,,,,,1,,,,,,,,,1,,,,,2,,,,,,
2010,South Coast,293,,,,28.1,28.95714324,29.2,75,7,4311,,,,3,,,,,,,,,1,,,,,,,,,,3,,,,,,,,,,,,,,,,,,,,
2011,South Coast,293,,,,27.5,28.2125001,28.9,70,8,3346,,,,3,,,,,,,,,,,1,,1,,,,,,1,1,,,,,,,,,,,,1,,,,,,,
2012,South Coast,293,19.1,19.38333333,19.5,27.6,28.03333346,28.6,70,6,3492,,,,5,,,,,,,,,,,,,,,,,,,1,,,,,,,,,,,,,,,,,,,,
2013,South Coast,293,21.2,21.24,21.3,28,28.4,29,75,5,3571,,,,3,,,,,,,,,,,,,,,,,,,1,,,,,,,,,,,,,,,,,1,,,
2014,South Coast,293,21.4,21.63333333,21.7,27.9,28.38888868,29.1,75,9,3972,,,2,2,,,,,,,,,,,,,,,,,,,3,,,,,,,,,,,,,2,,,,,,,
2015,South Coast,293,23.2,23.35,23.5,27.2,27.94999981,28.8,75,4,4294,,,1,,,,,,,,,,,,,,,,,,,,,,,,1,,,,,,,,,,,,,2,,,
2016,South Coast,293,,,,27.4,28.07999992,28.9,75,10,4543,,,1,,,,,,,,,,1,,1,,,,,,,,2,,,,,,,,,,,,,,,,1,4,,,
2017,South Coast,293,,,,27.5,27.79999995,28.1,75,8,3910,,,3,2,,,,,,,,,,,,,,,,,,,1,,,,,,,,,,,,,1,,,,1,,,
2018,South Coast,293,,,,27.9,28.29999945,29.1,75,9,4236,,1,6,,,,,,,,,,,,,,,,,,,,1,,,,,,,,,,,,,,,,,1,,,
2019,South Coast,293,,,,27,28.12666651,28.5,75,15,4613,,,7,1,,,,,,,,,,,1,,,,,,,,1,,,,1,,,,,,,,,3,,,1,,,,
2004,South Coast,298,,,,42.6,42.8333327,43,75,12,3488,,,,1,,,,,,,,,,,,,,,,2,,,,,,,,,,,,,,,,,,,,9,,,
2005,South Coast,298,,,,42,42.2,43,74,5,3484,,,,4,,,,,,,,,,,,,,,,,,,,,,,,,,,,,,,,,1,,,,,,
2006,South Coast,298,,,,42.7,43.10000038,43.4,75,6,4400,,,,6,,,,,,,,,,,,,,,,,,,,,,,,,,,,,,,,,,,,,,,
2007,South Coast,298,,,,42.4,42.42857252,42.5,75,7,3804,,,,4,,,,,,,,,1,,,,,,,,,,,,,,,,,,,,,,,,,,,2,,,
2008,South Coast,298,,,,41.8,42.32962912,42.8,75,27,2984,,,,14,,,,,,,,,6,,,,,,,1,,,,,,,,,,,,,,,,,2,,,4,,,
2009,South Coast,298,,,,42.5,42.59599976,42.9,75,25,4040,,,,4,,,,,1,,,,2,,,,,,,,,,,,,,,,,,,,,,,,,,,18,,,
2010,South Coast,298,,,,42.4,42.46000137,42.7,75,10,2662,,,,3,,,,,,,,,,,,,,,,,,,,,,,,,,,,,,,,,,,,7,,,
2011,South Coast,298,,,,42.8,42.81999969,42.9,75,5,4451,,,,1,,,,,,,,,1,,,,,,,,,,,,,,,,,,,,,,,,,,,3,,,
2012,South Coast,298,20.8,20.8,20.8,41.4,41.57142966,42.6,65,7,4080,,,,1,,,,,,,,,,,,,,,,,,,,,1,,,,,,,,,,,,,,,5,,,
2013,South Coast,298,21.3,21.35185185,21.4,41.4,42.26296347,42.5,75,27,2757,,,1,16,1,,,,,,,,,,,,,,,,,,2,,1,,,,,,,,,,,,,,,6,,,
2014,South Coast,298,20.8,21.04864865,21.1,42.3,42.68378345,43,75,37,3576,,,,8,,,,,2,,,,2,,1,,,,,,,,,,,,,,,,,,,,,1,,,,23,,,
2015,South Coast,298,23.1,23.11666667,23.2,42.5,42.56666565,42.6,75,6,4209,,,,,,,,,,,,,,,,,,,1,,,,,,1,,,,,,,,,,,1,,,,3,,,
2016,South Coast,298,,,,42.2,42.54375076,42.9,75,16,4411,,,,,2,,,,,,,,3,,,,,,,,,,,,1,,,,,,,,,,,,,,,10,,,
2017,South Coast,298,,,,42.5,42.82799957,43,75,25,4685,,,,,1,,,,1,,,,10,,,,,,,,,,,,,,,,,,,,,,,,,,,13,,,
2018,South Coast,298,,,,42.1,42.84999847,43.6,75,2,4364,,,,,,,1,,,,,,,,,,,,,,,1,,,,,,,,,,,,,,,,,,,,,
2019,South Coast,298,,,,42.1,42.34999847,42.6,75,4,4518,,,,3,,,,,,,,,,,,,,,,,,,,,,,,,,,,,,,,1,,,,,,,
2004,South Coast,299,,,,23.9,24.27999992,24.5,75,15,4206,,3,,,1,,,,,,,,,,,,,,,,,,,,,,,,,,,,,,,,,,,11,,,
2007,South Coast,299,,,,23.4,23.81176432,23.9,75,34,3634,,,,,1,,,,,,,,1,,,,,,,,,,,,,,,,,14,,,,,,,,,,18,,,
2008,South Coast,299,,,,27.2,27.20000076,27.2,75,1,4093,,,,,1,,,,,,,,,,,,,,,,,,,,,,,,,,,,,,,,,,,,,,
2009,South Coast,299,,,,23.3,23.39999948,23.8,75,14,4526,,,,,2,,1,,,,,,,,,,,,,,,,1,,,,1,,,,,,,,,,,,,9,,,
2010,South Coast,299,,,,23.5,23.72499943,23.8,75,4,2722,,,,,,,,,,,,,,,,,,,,,,,,,,,,,,,,,,,,,,,,4,,,
2011,South Coast,299,,,,23.3,23.8499999,24.1,75,4,4507,,,,,,,,,,,,,,,,,,,,,,,,,,,,,,,,,,,,,,,,4,,,
2012,South Coast,299,20.2,20.2875,20.4,23.5,23.61250019,23.8,75,8,3345,,1,,,1,,,,,,,,,,,,,,,,,,,,,,,,,2,,,,,,,,,,4,,,
2013,South Coast,299,20.9,21.03333333,21.8,23.2,23.82500045,24.3,73,12,2934,,,,,,,,,,,,,1,,,,,,,,,,2,,,,,,,,,,,,,,,,,9,,,
2014,South Coast,299,20.4,20.4,20.4,23.5,23.76666641,23.9,75,3,4371,,,,,,,1,,,,,,,,,,,,,,,,,,,,,1,,,,,,,,,,,,1,,,
2015,South Coast,299,22.5,22.725,22.8,23.6,23.75000048,24,75,4,4334,,,,,,,,1,,,,,,,,,,,,,,,,,,,1,2,,,,,,,,,,,,,,,
2016,South Coast,299,,,,23.9,24.36999989,24.8,70,20,4384,,1,,,,,,,,,,,,,,,,,,,,,,,,,1,3,1,,,,,,,,,,,14,,,
2017,South Coast,299,,,,22.5,23.37999992,24.1,75,15,4700,,,,,,,1,,,,,,,,,,,,,,,,1,,,,,1,,,,,,,,,,,,12,,,
2018,South Coast,299,,,,23.9,24.06666692,24.1,75,6,3555,,,,,,,,,,,,,,,,,,,,,,,,,,,,1,,,,,,,,,,,,5,,,
2019,South Coast,299,,,,23.1,23.69090965,24.2,75,11,4767,,,,,,,,,,,,,,,,,,,,,,,,,,,,1,,,,,,,,,,,,10,,,
2005,Point Conception/Arguello,374,,,,52,53.12909102,57.5,75,55,2274,,,,7,,,,,,,,,1,,,,,,,15,,,,,,,,,,,,,,,,,,,,25,,,7
2006,Point Conception/Arguello,374,,,,52.1,52.09999847,52.1,75,3,4526,,,,1,,,,,,,,,,,,,,,,,,,,,,,,,,,,,,,,2,,,,,,,
2007,Point Conception/Arguello,374,,,,52,52.37058875,53,75,34,3512,,,,5,,,,,,,,,4,,,,,,,16,,,,,,,,,,,,,,,,,,,,7,,,2
2008,Point Conception/Arguello,374,,,,50.2,51.4452382,53,75,42,3356,,,,10,,,,,,,,,2,,,,,,,7,,,,,,,,,,,,2,,,2,,1,,,11,7,,
2009,Point Conception/Arguello,374,,,,51.9,52.18085188,52.5,75,47,3696,,,,14,,,,,,,,,4,,,,,,,8,,,,5,,,,,,,1,1,,,1,1,,,,12,,,
2010,Point Conception/Arguello,374,,,,50.9,51.16666701,51.4,68,33,3708,,,,5,,,,,,,,,,,,,,,,1,,,,,,,,,,,,,,,,,1,,,26,,,
2011,Point Conception/Arguello,374,,,,50.8,52.03793151,52.5,75,29,3919,,,,,,,,,,,,,,,,,,,1,2,,,,1,,,,,,,,,,,,,,,,24,,,1
2012,Point Conception/Arguello,374,15.7,15.78181818,15.9,51.6,51.67575634,51.8,75,66,2681,,,,3,,,,,,,,,1,,,,,,,7,,,,1,,,,,,,,,,,,,,,,48,,,6
2013,Point Conception/Arguello,374,13.1,13.15957447,13.2,51.9,52.53617047,53.2,74,47,3389,,,,1,,,,,,,,,1,,,,,,,1,,,,3,,,,,,,,,6,,,,,,,35,,,
2014,Point Conception/Arguello,374,16.7,16.75735294,16.8,51.1,51.57205868,52,75,68,1698,,,,1,,,,,,,1,,2,,,,,,,,,,,2,,,,,,,,,,,,,,,,59,,,3
2015,Point Conception/Arguello,374,21.1,22.28723404,22.7,50.4,50.81914975,51.3,75,47,3792,,,,5,,,,,,,1,,2,,,,,,,1,,,,1,,,,,,,,,4,,,,,,,29,,,4
2016,Point Conception/Arguello,374,,,,51,51.94634182,52.7,75,41,4204,,,,3,,,,,,,,,8,,,,,,,1,,,,,,,,,,,,,2,,,,,,,23,,,4
2017,Point Conception/Arguello,374,,,,51.2,51.57250013,52,75,40,3748,,,,5,,,,,,,,,,,,,,,,5,,,,1,,,,,,,,,,,,,,,,29,,,
2018,Point Conception/Arguello,374,,,,51.1,51.29249964,51.4,75,55,1519,,,,11,,,,,,,1,,7,,,,,,,7,,,,,,,,,,,,,,,,2,,,,25,,,2
2019,Point Conception/Arguello,374,,,,51.1,51.43488374,52.2,75,43,2286,,,1,3,,,,,,,,,3,,,,,,,5,,,,,,,,7,,,,,4,,,1,,,,18,1,,
2005,Point Conception/Arguello,375,,,,52.1,53.19152548,53.5,75,59,1753,,,,5,,,,,,,,,1,,,,,,,1,,,,,,,,,,,,,,,,,,,,9,,,43
2006,Point Conception/Arguello,375,,,,51.9,52.25901613,52.8,74,61,2196,,,,11,,,,,,,,,1,,,,,,,2,,,,,,,,1,,,,,,,1,,1,,,21,2,,21
2007,Point Conception/Arguello,375,,,,51.5,52.53389831,53,74,59,2081,,,,7,,,,,,,2,,3,,,,,,,,,,,,,,,,,,,,,,1,,1,,,36,,,9
2008,Point Conception/Arguello,375,,,,51.5,52.10312498,53.2,69,64,549,,,,10,,,,,,,,,1,,,,,,,1,,,,,,,,,,,,,,,2,,,,,32,1,,17
2009,Point Conception/Arguello,375,,,,51.8,52.45510218,53.5,63,49,1035,,,,13,,,,,,,,,,,,,,,,2,,,,,,,,,,,,,,,,,,,,27,1,,5
2010,Point Conception/Arguello,375,,,,52,52.57058835,52.9,73,51,3440,,,,6,,,,,,,1,,,,,,,,,4,,,,,,,,,,,,,,,,,,,,35,,,5
2011,Point Conception/Arguello,375,,,,51.7,52.57846181,53.4,75,65,1201,,,,7,,,,,,,,,,,,,,,,,,,,,,,,,,,,,,,,,,,,38,,,20
2012,Point Conception/Arguello,375,15,15.37164179,15.7,52.2,52.58209024,52.9,75,67,1410,,,,3,,,,,,,,,1,,,,,,,3,,,,,,,,1,,,,,,,,,1,,,32,,,26
2013,Point Conception/Arguello,375,12.9,12.93709677,13,52.3,53.37741963,53.9,75,62,2601,,,,3,,,,,,,,,1,,,,,,,13,,,,1,,,,,,,,,,,,,,,,34,,,10
2014,Point Conception/Arguello,375,16.7,16.71555556,16.8,51.3,52.4888888,53,66,45,3481,,,,5,,,,,,,,,1,,,,,,,,,,,,,,,,,,,,,,,,,,,11,2,,26
2015,Point Conception/Arguello,375,18.5,18.834375,19,51.8,52.27187443,53.6,75,32,4236,,,,1,,,,,,,,,2,,,,,,,3,,,,1,,,,,,,,,,,,,1,,,14,,,10
2016,Point Conception/Arguello,375,,,,51.7,51.98382378,52.3,74,68,1008,,,,4,,,,,,,,,2,,,,,,,,,,,,,,,8,,,,,,,,,,,,38,,,16
2017,Point Conception/Arguello,375,,,,52.9,53.29600052,54,69,50,2229,,,,4,,,,,,,3,,2,,,,,,,9,,,,,,,,2,,,,,,,,,1,,,25,,,4
2018,Point Conception/Arguello,375,,,,51.1,51.53043493,52.2,74,69,957,,,,10,,,,,,,,,,1,,,,,,,,,,,,,,2,,,,,,,,,,,,43,,,13
2019,Point Conception/Arguello,375,,,,52.5,52.79482795,53,75,58,3043,,,,3,,,,,,,7,,2,,,,,,,10,,,,,,,,,,,,,,,1,,,,,24,1,,10
2005,South Coast,379,,,,46.5,46.77272727,47,75,11,3770,,,,,,,,,,,,,,,,,,,,1,,5,,,,,,,,,,,,,4,1,,,,,,,
2008,South Coast,379,,,,45.5,46.78000031,47.7,75,5,4483,,,,1,,,,,,,,,,,,,,,,1,,,,,,,,,,,,,,,,1,,2,,,,,
2009,South Coast,379,,,,45.9,46.15000057,46.7,75,4,4509,,,,2,,,,,,,,,,,,,,,,1,,,,,,,,,,,,,1,,,,,,,,,,
2010,South Coast,379,,,,46,47.07142748,47.6,75,7,3210,,,,,,,,,,,,,,,,,,,,1,,,,,,,,,,,,,6,,,,,,,,,,
2011,South Coast,379,,,,46.4,47.16000099,47.9,75,10,3390,,,,2,,,,,,,,,,,1,,,,,2,,,,,,,,,,,,,,,,2,1,2,,,,,
2012,South Coast,379,21.4,21.4,21.4,45.8,46.53333282,47.5,75,6,3469,,,,1,,,,,,,,1,,,1,,,,,,,,,,,,,,,,,,2,,,1,,,,,,,
2013,South Coast,379,20,20.03181818,20.1,46.6,47.02727196,47.3,75,22,4501,,,,1,,,,,,,,,,,,,,,,2,,,,,,,,,,,,,18,,,,,1,,,,,
2014,South Coast,379,22.2,22.2,22.2,44.7,45.33846175,45.7,74,39,4118,,,,1,,,,,,,,,1,,1,,,,,,,3,,,,,,,,1,,,15,,4,10,1,,,2,,,
2015,South Coast,379,23.5,23.5,23.5,44.3,45.83912957,46.8,75,23,4161,,,,,,,,2,,,,1,2,,,,,,,,,,,,,,1,,,,,,2,,4,8,1,,,2,,,
2016,South Coast,379,,,,45.8,46.66500034,47.4,70,40,3801,,,,,,,,,,,,,,,,,,,,1,,,1,,,,,,,10,,,25,,,,,,,3,,,
2017,South Coast,379,,,,43.6,44.51176453,46.6,75,17,3733,,,,1,,,,,,,,,,,,,,,,,,,,,,,1,,,2,,,,,4,6,,2,,1,,,
2018,South Coast,379,,,,45.8,46.80000087,47.7,75,28,3165,,,,,,,,,,,,,,,,,,,,,,3,,,,,,,,,,,2,,3,2,1,,,17,,,
2019,South Coast,379,,,,46.5,47.30000008,48.1,75,9,4760,,,,1,,,,,,,,,,,,,,,,1,,3,,,,,,,,,,,1,,,2,,1,,,,,
2005,Santa Cruz Island,383,,,,43.5,44.47368421,45,60,19,3940,,,3,,,,,,,,,,,,,,,,,,,,,,,,,,,1,,1,,,,1,,,,1,12,,
2006,Santa Cruz Island,383,,,,45,45.33333333,46,75,21,4275,,,2,8,,,,,,,,,,,,,,,,,,,,1,,,,,,,,,,,2,,,,,3,5,,
2007,Santa Cruz Island,383,,,,44.1,44.62352977,44.8,75,17,3887,,,1,7,,,,,,,,,,,,,,,,,,,,,,,,1,,,,,,,,,,,,6,2,,
2008,Santa Cruz Island,383,,,,45.3,45.73333253,46.8,75,18,4101,,,,6,,,,,,,,,,,,,,,,,,,,,,,,,,,,3,,,1,,1,,,7,,,
2009,Santa Cruz Island,383,,,,43.5,44.97499943,46,75,8,4494,,,,2,,,,,,,,,,,,,,,,,,,,,,,,,,,,3,,,1,,,,,2,,,
2010,Santa Cruz Island,383,,,,44.6,46.14999962,47.7,75,2,4202,,,,,,,,,,,,1,,,,,,,,,,,,,,,,,,,,,,,,1,,,,,,,
2011,Santa Cruz Island,383,,,,44.1,45.07499949,46.1,75,24,2914,,,,9,,,,,,,,,1,,,,,,,,,,,1,,,,,,,,,,,,,,,,13,,,
2012,Santa Cruz Island,383,21.3,21.425,21.5,43.8,45.07999935,46.1,70,20,2486,,,1,7,,,,,,,,,3,,,,,,,,,,,4,,,,,,,,,,,,,,,,5,,,
2013,Santa Cruz Island,383,19,19.2,19.3,43.6,45.21111086,46,75,9,3904,,,,,,,,,,,,,1,,,,,,,,,,,3,,,,,,,,1,2,,1,,,,,1,,,
2014,Santa Cruz Island,383,21.7,21.76666667,21.8,44,45.21666654,47.3,75,6,3148,,,,1,,,,,,,,,1,,,,,,,,,,,,,,,,,,,,,1,,,,,,2,1,,
2015,Santa Cruz Island,383,23.3,23.36363636,23.7,43,44.12727287,46,75,11,4023,,,7,,,,,,,,,,3,,,,,,,,,,,,,,,,,,,,,,1,,,,,,,,
2016,Santa Cruz Island,383,,,,43.1,44.01250029,45.2,75,8,3314,,,1,2,,,,,,,,,,,,,,,,,,,,,,,,,,1,,,,,1,,,,,2,1,,
2017,Santa Cruz Island,383,,,,45.6,45.59999847,45.6,74,3,5088,,,,,,,,,,,,,1,,,,,,,,,,,,,,,1,,,,1,,,,,,,,,,,
2018,Santa Cruz Island,383,,,,44,45.14000015,46.7,75,15,4486,,,3,6,,,,,,,,,,,,,,,,,,,,,,,,,,,,4,,,2,,,,,,,,
2019,Santa Cruz Island,383,,,,44.3,45.5291667,46.7,75,24,4544,,,2,15,,,,,,,,,1,,,,,,,,,,,,,,,,,,,2,,,,1,,,,,3,,
2006,Anacapa Island,413,,,,61.7,62.43333435,63.9,75,3,4363,,,,,,,,,,,,,,,,,,,,,,,,,,,,,,,,,,,1,,2,,,,,,
2007,Anacapa Island,413,,,,49,49,49,75,1,4459,,,,,,,,,,,,,,,,,,,,,,,,,,,,,,,,,,,1,,,,,,,,
2008,Anacapa Island,413,,,,49,52.527273,55.5,70,11,2977,,,,,,,,,,,,,,,,,,,,3,,,,,,,,,,,,,,,2,1,3,,,2,,,
2009,Anacapa Island,413,,,,57.3,59.21428571,61.1,70,7,4204,,,,3,,,,,,,,,,,,,,,,,,,,,,,,,,,,2,,,,,2,,,,,,
2010,Anacapa Island,413,,,,51,55.04999924,59.1,70,2,3834,,,,,,,,,,,,,,,,,,,,1,,,,,,,,,,,,,,,,,1,,,,,,
2011,Anacapa Island,413,,,,52,52.96739089,54.1,75,46,2726,,,,41,,,,,,,,,,,,,,,,,,,,,,,,,,,,,,,2,,,,,3,,,
2012,Anacapa Island,413,20.1,20.1,20.1,50.3,52.48928683,53.4,60,28,4099,,,,24,,,,,,,,,,,,,,,,,,,,,,,,,,,,,,,,,3,,,1,,,
2014,Anacapa Island,413,19.5,19.59166667,19.6,56.5,58.51944447,59.4,75,36,4263,,,,28,,,,,,,,,,,,,,,,,,,,,,,,,,,,,,,5,,,,,2,1,,
2016,Anacapa Island,413,,,,51.7,60.55454566,61.8,45,11,2449,,,,4,,,,,,,,,,,,,,,,1,,,,,,,,,,,,1,,,,,5,,,,,,
2017,Anacapa Island,413,,,,52.4,55.36666697,59.5,65,33,3578,,,,12,,,,,,,,,,1,,,,,,,,,,,,,,,,,,,,,2,,3,,,12,3,,
2018,Anacapa Island,413,,,,52.3,54.42727268,59.9,74,33,2916,,,,4,,,,,,,,,,,,,,,,,,,,,,,,,,,,4,,,16,,6,,,1,2,,
2019,Anacapa Island,413,,,,53.2,55.82647032,58,75,34,4442,,,,7,,,,,,,,4,,,,,,,,6,,,,1,,,,,,,,1,,,5,2,6,,,2,,,
